antecedents,consequents,support,confidence,lift,leverage,conviction
AMT_large,DIST1_close,0.0161,0.1255262747544051,1.0771089304479584,0.0011525795999999984,1.0102762088716315
DIST1_close,AMT_large,0.0161,0.13814999141925519,1.0771089304479586,0.0011525795999999984,1.0114753045421372
AMT_large,DIST1_veryclose,0.10196,0.7949477623577108,0.9765703082942813,-0.0024462052000000095,0.9069883949949414
DIST1_veryclose,AMT_large,0.10196,0.12525490774182452,0.9765703082942812,-0.0024462052000000095,0.9965646079247221
AMT_large,DIST2_q1,0.12826,1.0,1.0,0.0,inf
DIST2_q1,AMT_large,0.12826,0.12826,1.0,0.0,0.9999999998852869
V3_high,AMT_large,0.00512,0.14953271028037385,1.1658561537531096,0.0007283775999999999,1.0250129669124435
CARD_brand_mastercard,AMT_large,0.04018,0.12451964794843187,0.9708377354469971,-0.0012069368000000094,0.9957276572313977
AMT_large,CARD_brand_mastercard,0.04018,0.31326992047403707,0.9708377354469971,-0.0012069368000000094,0.986297265978085
AMT_large,CARD_brand_visa,0.08124,0.6334009044129113,0.9745229005060485,-0.0021238695999999946,0.954830505907132
CARD_brand_visa,AMT_large,0.08124,0.1249923072189058,0.9745229005060485,-0.0021238695999999946,0.9962655266831598
AMT_large,CARD_type_credit,0.04906,0.3825042881646655,1.5046191808853178,0.016453742799999997,1.2077492775821892
CARD_type_credit,AMT_large,0.04906,0.19298245614035087,1.5046191808853178,0.016453742799999997,1.0801995650835403
AMT_large,CARD_type_debit,0.07866,0.6132855138000934,0.8253068413404568,-0.01665000600000001,0.664314394989506
CARD_type_debit,AMT_large,0.07866,0.105853855470327,0.8253068413404567,-0.01665000600000001,0.9749412948160135
AMT_large,PROD_R,0.01708,0.13316700452206456,2.115777002257143,0.009007315600000001,1.0810156105966442
PROD_R,AMT_large,0.01708,0.27136955830950116,2.115777002257143,0.009007315600000001,1.196408974977536
AMT_large,PROD_W,0.10664,0.8314361453297987,1.1186042209258942,0.01130690719999998,1.522983680872626
PROD_W,AMT_large,0.10664,0.14347217737595522,1.1186042209258944,0.01130690719999998,1.0177602838721285
DEVICE_type_Unknown,AMT_large,0.10732,0.14103238015138772,1.0995819441087455,0.009719270399999994,1.0148694546275816
AMT_large,DEVICE_type_Unknown,0.10732,0.836737876188991,1.0995819441087455,0.009719270399999994,1.4641485377851389
AMT_large,DEVICE_type_desktop,0.0151,0.11772961172618118,0.8046036886699096,-0.003667003200000003,0.9675945279921319
DEVICE_type_desktop,AMT_large,0.0151,0.10319846910880262,0.8046036886699096,-0.003667003200000003,0.972054540358001
DEVICE_type_mobile,AMT_large,0.00584,0.06298533218291631,0.4910754107509458,-0.006052267200000001,0.9303376242101048
AMT_large,DEVICE_info_Unknown,0.10778,0.8403243411819741,1.0512464236163608,0.0052540863999999965,1.2565471867130626
DEVICE_info_Unknown,AMT_large,0.10778,0.13483286629303443,1.0512464236163606,0.0052540863999999965,1.0075972213185123
AMT_large,DEVICE_info_Windows,0.00838,0.06533603617651644,0.7919519536547447,-0.0022014500000000006,0.9816362194478606
DEVICE_info_Windows,AMT_large,0.00838,0.10157575757575757,0.7919519536547447,-0.0022014500000000006,0.9702988396113739
AMT_large,EMAIL_anonymous,0.01166,0.0909090909090909,1.4772357963778178,0.0037668796,1.0323059998864463
EMAIL_anonymous,AMT_large,0.01166,0.18947026324341892,1.4772357963778178,0.0037668796,1.075518837076609
AMT_large,EMAIL_corporate,0.02278,0.1776079837829409,1.328208074954688,0.005629072799999999,1.053366256982267
EMAIL_corporate,AMT_large,0.02278,0.1703559676936883,1.328208074954688,0.005629072799999999,1.050739794356855
EMAIL_unknown,AMT_large,0.01776,0.10977871183088145,0.8559076238178811,-0.002989902800000003,0.979239669380349
AMT_large,EMAIL_unknown,0.01776,0.1384687353812568,0.8559076238178811,-0.002989902800000003,0.9729420559956655
AMT_large,EMAIL_webmail,0.07606,0.5930141899267113,0.9223763297559747,-0.006400919200000008,0.8773770266043438
EMAIL_webmail,AMT_large,0.07606,0.11830398805450133,0.9223763297559747,-0.006400919200000008,0.9887081126493913
FRAUD,AMT_large,0.00618,0.1723368655883993,1.343652468333068,0.0015805963999999985,1.053254595560075
AMT_medium,DIST1_close,0.02822,0.11716349746740845,1.005350072656671,0.0001501756,1.0007062433027512
DIST1_close,AMT_medium,0.02822,0.2421486185000858,1.005350072656671,0.0001501756,1.0017003576576788
DIST1_far,AMT_medium,0.00648,0.26129032258064516,1.0848223971628546,0.0005066719999999997,1.0276567684198368
DIST1_veryclose,AMT_medium,0.19518,0.23977297855089555,0.9954869158469466,-0.0008848572000000055,0.9985701356064804
AMT_medium,DIST1_veryclose,0.19518,0.8103462592377315,0.9954869158469467,-0.0008848572000000055,0.9806292201484366
DIST1_veryfar,AMT_medium,0.00768,0.25841184387617766,1.0728715597283802,0.0005216408000000006,1.0236679127476251
DIST2_q1,AMT_medium,0.24086,0.24086,1.0,0.0,0.9999999998682719
AMT_medium,DIST2_q1,0.24086,1.0,1.0,0.0,inf
V2_high,AMT_medium,0.00502,0.2451171875,1.0176749460267376,8.718719999999992e-05,1.0056395341488003
V3_high,AMT_medium,0.00812,0.2371495327102804,0.9845949211586831,-0.00012704639999999885,0.9951360488741445
CARD_brand_american_express,AMT_medium,0.00576,0.4285714285714286,1.7793383233888094,0.0025228416000000003,1.3284949997675135
CARD_brand_mastercard,AMT_medium,0.07462,0.2312507747613735,0.9601045203079528,-0.0031007047999999926,0.987500182085525
AMT_medium,CARD_brand_mastercard,0.07462,0.3098065266129702,0.9601045203079527,-0.0031007047999999926,0.9813480219944852
AMT_medium,CARD_brand_visa,0.1571,0.6522461180768911,1.0035173211842132,0.0005506343999999996,1.0065739538652778
CARD_brand_visa,AMT_medium,0.1571,0.24170718198042956,1.0035173211842132,0.0005506343999999996,1.0011172226087153
CARD_type_credit,AMT_medium,0.06818,0.268192903784124,1.113480460782712,0.006948570800000005,1.0373498751538834
AMT_medium,CARD_type_credit,0.06818,0.28306900274018104,1.113480460782712,0.006948570800000005,1.0402395805822606
CARD_type_debit,AMT_medium,0.17212,0.23162427667877808,0.9616552216174462,-0.006863066000000001,0.9879801988276002
AMT_medium,CARD_type_debit,0.17212,0.7146059951839243,0.9616552216174463,-0.006863066000000001,0.9001590628210472
PROD_C,AMT_medium,0.00718,0.061578044596912525,0.25565907413814054,-0.020904276,0.8089537926390752
PROD_H,AMT_medium,0.01486,0.26394316163410303,1.0958364262812548,0.0012995820000000005,1.03136056935795
AMT_medium,PROD_H,0.01486,0.061695590799634645,1.0958364262812548,0.0012995820000000005,1.0057503627246702
PROD_R,AMT_medium,0.03288,0.5224022878932316,2.1689042925069817,0.0177202716,1.5894967262140953
AMT_medium,PROD_R,0.03288,0.13651083617038945,2.168904292506982,0.0177202716,1.0852018058172028
PROD_W,AMT_medium,0.18134,0.24397266171563878,1.0129231159828895,0.002313579199999999,1.004117128386244
AMT_medium,PROD_W,0.18134,0.7528854936477622,1.0129231159828895,0.002313579199999999,1.0388706178591693
DEVICE_type_Unknown,AMT_medium,0.18434,0.24224663582842726,1.0057570199635775,0.0010551744000000252,1.001829930151165
AMT_medium,DEVICE_type_Unknown,0.18434,0.7653408619114839,1.0057570199635775,0.0010551744000000252,1.0186690441518815
DEVICE_type_desktop,AMT_medium,0.03926,0.2683160196828868,1.113991612068782,0.004017364800000006,1.0375244235458523
AMT_medium,DEVICE_type_desktop,0.03926,0.1629992526779042,1.113991612068782,0.004017364800000006,1.0199274046400497
DEVICE_type_mobile,AMT_medium,0.01726,0.1861518550474547,0.7728633025303276,-0.005072539199999997,0.9327784361430066
AMT_medium,DEVICE_type_mobile,0.01726,0.07165988541061198,0.7728633025303276,-0.005072539199999997,0.977314225297229
DEVICE_info_MacOS,AMT_medium,0.00794,0.38543689320388347,1.600252815759709,0.0029782839999999994,1.2352515005888927
DEVICE_info_Unknown,AMT_medium,0.18734,0.2343624899919936,0.9730237066843545,-0.005193849599999967,0.9915135948510545
AMT_medium,DEVICE_info_Unknown,0.18734,0.7777962301752056,0.9730237066843546,-0.005193849599999967,0.9029549771721124
DEVICE_info_Windows,AMT_medium,0.02242,0.27175757575757575,1.1282802281722817,0.002549049999999997,1.0424275963948064
AMT_medium,DEVICE_info_Windows,0.02242,0.09308311882421323,1.1282802281722815,0.002549049999999997,1.0116693370061935
DEVICE_info_iOS_Device,AMT_medium,0.01214,0.376084262701363,1.5614226633785728,0.0043650391999999994,1.2167348160909819
AMT_medium,DEVICE_info_iOS_Device,0.01214,0.05040272357386034,1.5614226633785728,0.0043650391999999994,1.0190846413757184
EMAIL_anonymous,AMT_medium,0.01886,0.30646733831654205,1.2723878531783694,0.0040374756,1.0945987721008397
AMT_medium,EMAIL_anonymous,0.01886,0.07830274848459685,1.2723878531783694,0.0040374756,1.0181868269165584
AMT_medium,EMAIL_corporate,0.03798,0.15768496221871628,1.1792174859311717,0.005772200800000002,1.0284513050829491
EMAIL_corporate,AMT_medium,0.03798,0.284026323661382,1.1792174859311715,0.005772200800000002,1.0602903779592836
EMAIL_unknown,AMT_medium,0.03802,0.23501050809741622,0.9757141413992204,-0.000946330799999999,0.992353500193485
AMT_medium,EMAIL_unknown,0.03802,0.1578510337955659,0.9757141413992204,-0.000946330799999999,0.9953345946362964
AMT_medium,EMAIL_webmail,0.14596,0.6059951839242714,0.9425670128853845,-0.008893711199999987,0.906283338020772
EMAIL_webmail,AMT_medium,0.14596,0.22702669072357368,0.9425670128853844,-0.008893711199999987,0.982103768385501
FRAUD,AMT_medium,0.0071,0.19799219185722253,0.8220218876410468,-0.0015372396000000003,0.9465493879209205
AMT_micro,DIST1_close,0.03354,0.10559123536078581,0.9060514446609388,-0.003477765600000002,0.9877586567005451
DIST1_close,AMT_micro,0.03354,0.2877981808821006,0.9060514446609388,-0.003477765600000002,0.958099209504028
DIST1_far,AMT_micro,0.00658,0.2653225806451613,0.8352933529944633,-0.001297472,0.9287885838472342
AMT_micro,DIST1_veryclose,0.26532,0.8352852285606347,1.0261237175507172,0.0067546872000000535,1.1291033479383634
DIST1_veryclose,AMT_micro,0.26532,0.32593793764280976,1.0261237175507172,0.0067546872000000535,1.0123103464873264
DIST1_veryfar,AMT_micro,0.00726,0.24427994616419918,0.7690465500698879,-0.0021802607999999992,0.902926945561732
AMT_micro,DIST2_q1,0.31764,1.0,1.0,0.0,inf
DIST2_q1,AMT_micro,0.31764,0.31764,1.0,0.0,0.9999999998534498
V2_high,AMT_micro,0.00522,0.25488281249999994,0.802426685870797,-0.0012852672000000006,0.9157754127211333
V3_high,AMT_micro,0.00912,0.26635514018691586,0.8385440756419716,-0.0017559936000000002,0.9300957960515667
V13_high,AMT_micro,0.00568,0.3368920521945433,1.060609659345622,0.00032458960000000033,1.0290330588788061
CARD_brand_mastercard,AMT_micro,0.10822,0.33537870335936526,1.0558453071381604,0.005723924800000002,1.0266899410933077
AMT_micro,CARD_brand_mastercard,0.10822,0.3407001637073417,1.0558453071381606,0.005723924800000002,1.0273322737435193
AMT_micro,CARD_brand_visa,0.20594,0.6483440372749025,0.9975137504998808,-0.0005132943999999751,0.9954047051779947
CARD_brand_visa,AMT_micro,0.20594,0.3168502677087821,0.9975137504998808,-0.0005132943999999751,0.9988439834581307
CARD_type_credit,AMT_micro,0.0608,0.23916292974588937,0.7529370663200144,-0.01995044079999999,0.8968543024361503
AMT_micro,CARD_type_credit,0.0608,0.19141166099987408,0.7529370663200144,-0.01995044079999999,0.9223234666356616
CARD_type_debit,AMT_micro,0.25606,0.344583501547571,1.084824019479823,0.020021716000000023,1.0411089765165802
AMT_micro,CARD_type_debit,0.25606,0.8061327288754566,1.0848240194798233,0.020021716000000023,1.3251334192580142
PROD_C,AMT_micro,0.08462,0.725728987993139,2.2847531419000724,0.047583176000000005,2.487904189211728
AMT_micro,PROD_C,0.08462,0.26640221634554845,2.2847531419000724,0.047583176000000005,1.204202111242596
PROD_H,AMT_micro,0.01716,0.30479573712255775,0.9595634590182527,-0.0007231319999999979,0.9815244760979567
AMT_micro,PROD_H,0.01716,0.054023422742727624,0.9595634590182526,-0.0007231319999999979,0.9975934104376746
PROD_S,AMT_micro,0.01098,0.5258620689655172,1.655528488117105,0.004347676800000001,1.439159272423741
PROD_W,AMT_micro,0.20412,0.2746206005812076,0.8645655477307883,-0.0319754592,0.9406939326546481
AMT_micro,PROD_W,0.20412,0.6426142803173405,0.8645655477307884,-0.0319754592,0.7183275262260663
DEVICE_type_Unknown,AMT_micro,0.21428,0.2815916736753575,0.8865120062818206,-0.02743133439999998,0.9498219534786756
AMT_micro,DEVICE_type_Unknown,0.21428,0.6746001763002141,0.8865120062818205,-0.02743133439999998,0.734603962622543
AMT_micro,DEVICE_type_desktop,0.05508,0.17340385341896486,1.1851001463843962,0.008602915199999998,1.032765520898824
DEVICE_type_desktop,AMT_micro,0.05508,0.3764352104975396,1.1851001463843962,0.008602915199999998,1.0942888555895263
DEVICE_type_mobile,AMT_micro,0.04828,0.5207075064710959,1.6393008011305121,0.018828419200000005,1.4236817998829803
AMT_micro,DEVICE_type_mobile,0.04828,0.15199597028082107,1.639300801130512,0.018828419200000005,1.0699005760544094
DEVICE_info_Unknown,AMT_micro,0.2411,0.30161629303442755,0.9495538755648771,-0.01280871039999995,0.9770560124707092
AMT_micro,DEVICE_info_Unknown,0.2411,0.7590353859715402,0.9495538755648771,-0.01280871039999995,0.8326533782800056
DEVICE_info_Windows,AMT_micro,0.03112,0.37721212121212117,1.187546030764769,0.0049146999999999975,1.0956539507777512
AMT_micro,DEVICE_info_Windows,0.03112,0.09797254753809344,1.187546030764769,0.0049146999999999975,1.0171530782063771
DEVICE_info_iOS_Device,AMT_micro,0.00638,0.1976456009913259,0.6222314601162507,-0.0038734192000000004,0.8504471350291413
EMAIL_anonymous,AMT_micro,0.0149,0.24211894702632436,0.7622432534514683,-0.004647565599999997,0.9003523669480967
AMT_micro,EMAIL_corporate,0.03032,0.095453973051253,0.713834677320169,-0.0121548208,0.9576958762688978
EMAIL_corporate,AMT_micro,0.03032,0.22674244690397846,0.713834677320169,-0.0121548208,0.8824485414719527
EMAIL_unknown,AMT_micro,0.05496,0.3397206082334034,1.0695145706882112,0.0035722008000000013,1.033441310459474
AMT_micro,EMAIL_unknown,0.05496,0.17302606724593883,1.0695145706882112,0.0035722008000000013,1.0135990588084516
AMT_micro,EMAIL_webmail,0.21746,0.6846115098854049,1.0648471192145288,0.013242891199999995,1.132190967898154
EMAIL_webmail,AMT_micro,0.21746,0.33823803894730287,1.0648471192145286,0.013242891199999995,1.0311260544674161
FRAUD,AMT_micro,0.01256,0.35025097601784716,1.1026664652368945,0.0011694296000000007,1.0501901114263528
AMT_small,DIST1_close,0.03336,0.12291820191599118,1.0547297229791588,0.001731044000000001,1.007272071805842
DIST1_close,AMT_small,0.03336,0.2862536468165437,1.0547297229791588,0.001731044000000001,1.0208108197656105
DIST1_far,AMT_small,0.00718,0.28951612903225804,1.0667506596619678,0.0004492800000000007,1.0254982972449924
AMT_small,DIST1_veryclose,0.21818,0.8039056742815034,0.9875748437157605,-0.002745027999999955,0.9484211193960894
DIST1_veryclose,AMT_small,0.21818,0.2680278125844574,0.9875748437157607,-0.002745027999999955,0.9953930114107362
DIST1_veryfar,AMT_small,0.00818,0.275235531628533,1.0141323936202395,0.00011399200000000026,1.0052921075678865
AMT_small,DIST2_q1,0.2714,1.0,1.0,0.0,inf
DIST2_q1,AMT_small,0.2714,0.2714,1.0,0.0,0.9999999998627505
V2_high,AMT_small,0.00522,0.25488281249999994,0.9391407977155489,-0.0003382719999999997,0.9778327652685058
V3_high,AMT_small,0.00944,0.2757009345794393,1.0158472165786268,0.00014726400000000112,1.0059380643772446
AMT_small,CARD_brand_mastercard,0.08574,0.3159174649963154,0.979042596368896,-0.0018353519999999984,0.9901144456163324
CARD_brand_mastercard,AMT_small,0.08574,0.26571216065451836,0.979042596368896,-0.0018353519999999984,0.9922539375706168
AMT_small,CARD_brand_visa,0.18038,0.6646278555637437,1.022567320394707,0.003980856000000033,1.043736057698012
CARD_brand_visa,AMT_small,0.18038,0.27752477075512344,1.022567320394707,0.003980856000000033,1.0084774818656097
AMT_small,CARD_type_credit,0.05512,0.20309506263817248,0.7988949045636554,-0.013875307999999989,0.9358456259228831
CARD_type_credit,AMT_small,0.05512,0.21682007709857604,0.7988949045636553,-0.013875307999999989,0.9303098542257642
AMT_small,CARD_type_debit,0.21564,0.7945467943994106,1.0692326663967306,0.013962660000000016,1.2504063838964132
CARD_type_debit,AMT_small,0.21564,0.29018974566007266,1.0692326663967306,0.013962660000000016,1.0264715048036304
AMT_small,PROD_C,0.02372,0.08739867354458365,0.7495598074149542,-0.007925239999999997,0.9680020993771334
PROD_C,AMT_small,0.02372,0.20343053173241854,0.7495598074149542,-0.007925239999999997,0.914672265173718
AMT_small,PROD_H,0.02156,0.07943994104642595,1.4110113862597857,0.00628018,1.0251368074454763
PROD_H,AMT_small,0.02156,0.3829484902309058,1.4110113862597857,0.00628018,1.180776626175942
PROD_R,AMT_small,0.00948,0.15061963775023834,0.5549728730664641,-0.007601915999999995,0.8578017956341376
AMT_small,PROD_W,0.21242,0.7826823876197495,1.053011499865124,0.010693807999999999,1.1813124443529872
PROD_W,AMT_small,0.21242,0.28578732106339466,1.053011499865124,0.010693807999999999,1.020144309091238
DEVICE_type_Unknown,AMT_small,0.21618,0.284088519764508,1.0467520993533825,0.009655456000000034,1.0177235873610546
AMT_small,DEVICE_type_Unknown,0.21618,0.79653647752395,1.0467520993533825,0.009655456000000034,1.1748543275645507
AMT_small,DEVICE_type_desktop,0.03466,0.1277081798084009,0.8728005727747464,-0.005051247999999994,0.9786633098480995
DEVICE_type_desktop,AMT_small,0.03466,0.23687807545106618,0.8728005727747465,-0.005051247999999994,0.954762242396829
AMT_small,DEVICE_type_mobile,0.02056,0.07575534266764923,0.8170334627658459,-0.0046042079999999985,0.9816448412269102
DEVICE_type_mobile,AMT_small,0.02056,0.22174288179465054,0.8170334627658459,-0.0046042079999999985,0.9361944566424557
DEVICE_info_MacOS,AMT_small,0.0054,0.2621359223300971,0.9658655944366142,-0.0001908399999999994,0.9874447367082805
AMT_small,DEVICE_info_Unknown,0.2243,0.8264554163596168,1.0338963875595688,0.007353696000000021,1.156129426085407
DEVICE_info_Unknown,AMT_small,0.2243,0.28059947958366693,1.0338963875595688,0.007353696000000021,1.0127877020120366
AMT_small,DEVICE_info_Windows,0.01942,0.07155490051584378,0.867332127464773,-0.002970500000000001,0.9882113658749898
DEVICE_info_Windows,AMT_small,0.01942,0.23539393939393938,0.8673321274647731,-0.002970500000000001,0.9529090043141805
DEVICE_info_iOS_Device,AMT_small,0.00878,0.271995043370508,1.0021924958382757,1.9207999999999725e-05,1.0008173615646536
EMAIL_anonymous,AMT_small,0.01222,0.19857003574910628,0.7316508317947911,-0.004481955999999997,0.909124979610812
AMT_small,EMAIL_corporate,0.03432,0.12645541635961682,0.9456731705026684,-0.0019716079999999928,0.9916837859502518
EMAIL_corporate,AMT_small,0.03432,0.2566556984744242,0.9456731705026685,-0.0019716079999999928,0.9801649093248817
EMAIL_unknown,AMT_small,0.04612,0.2850785016689331,1.0503997850734457,0.0022129080000000065,1.019132872069103
AMT_small,EMAIL_unknown,0.04612,0.16993367722918204,1.0503997850734457,0.0022129080000000065,1.0098229224635715
AMT_small,EMAIL_webmail,0.17874,0.6585851142225498,1.024365573045713,0.004251512000000013,1.0458829265229306
EMAIL_webmail,AMT_small,0.17874,0.27801281652460647,1.0243655730457129,0.004251512000000013,1.009159188106164
FRAUD,AMT_small,0.00792,0.22085889570552145,0.8137763290549797,-0.001812404,0.935132283344546
AMT_xlarge,DIST1_veryclose,0.02282,0.795676429567643,0.9774654548630782,-0.0005260935999999994,0.9102229347081026
AMT_xlarge,DIST2_q1,0.02868,1.0,1.0,0.0,inf
AMT_xlarge,CARD_brand_mastercard,0.0097,0.3382147838214784,1.048143001802028,0.00044553759999999866,1.0234740567473486
AMT_xlarge,CARD_brand_visa,0.01714,0.5976290097629009,0.9194858295324342,-0.0015008528000000007,0.8699434313262565
AMT_xlarge,CARD_type_credit,0.01414,0.4930264993026499,1.9393694410457474,0.0068489703999999995,1.471043355968435
CARD_type_credit,AMT_xlarge,0.01414,0.05562111556919204,1.9393694410457476,0.0068489703999999995,1.0285278672686302
AMT_xlarge,CARD_type_debit,0.01442,0.50278940027894,0.6766106853437492,-0.006892107999999999,0.5166824683392816
AMT_xlarge,PROD_W,0.02624,0.9149232914923291,1.230926826353903,0.004922729599999998,3.017512127600725
AMT_xlarge,DEVICE_type_Unknown,0.0263,0.9170153417015342,1.2050769313781726,0.004475667200000002,2.880532433503629
AMT_xlarge,DEVICE_info_Unknown,0.0263,0.9170153417015342,1.1471869266682524,0.0033743552000000017,2.417796299607464
AMT_xlarge,EMAIL_corporate,0.00564,0.19665271966527195,1.470630568839904,0.0018049104,1.0783381248657693
AMT_xlarge,EMAIL_webmail,0.01678,0.5850767085076708,0.910030343600558,-0.001658945600000003,0.8605928065152787
AMT_xxlarge,DIST1_veryclose,0.0105,0.8027522935779817,0.9861579489176946,-0.00014738159999999785,0.942875348359194
AMT_xxlarge,DIST2_q1,0.01308,1.0,1.0,0.0,inf
AMT_xxlarge,CARD_brand_visa,0.0081,0.6192660550458715,0.952775640109963,-0.00040147679999999984,0.9193821684332224
AMT_xxlarge,CARD_type_credit,0.00688,0.5259938837920489,2.069049971646798,0.0035548024,1.5733552254745244
AMT_xxlarge,CARD_type_debit,0.00616,0.4709480122324159,0.6337612868152549,-0.0035597480000000006,0.4855855490411639
AMT_xxlarge,PROD_W,0.01244,0.9510703363914373,1.2795586271545545,0.0027178975999999997,5.246714989277029
AMT_xxlarge,DEVICE_type_Unknown,0.01246,0.952599388379205,1.2518389775799057,0.002506643200000002,5.042972892586771
AMT_xxlarge,DEVICE_info_Unknown,0.01246,0.952599388379205,1.1917025975520479,0.0020043712000000023,4.2328567652635956
AMT_xxlarge,EMAIL_webmail,0.00788,0.6024464831804281,0.9370473514285262,-0.0005293936000000006,0.8981935382356081
DIST2_q1,DIST1_close,0.11654,0.11654,1.0,0.0,0.9999999998868087
DIST1_close,DIST2_q1,0.11654,1.0,1.0,0.0,inf
V3_high,DIST1_close,0.00638,0.1863317757009346,1.5988654170322172,0.0023896704,1.0857742425083385
DIST1_close,V3_high,0.00638,0.054745151879183114,1.5988654170322172,0.0023896704,1.0216927232034603
CARD_brand_mastercard,DIST1_close,0.03904,0.12098673608528572,1.0381563075792493,0.0014348727999999936,1.0050587814397434
DIST1_close,CARD_brand_mastercard,0.03904,0.3349922773296722,1.0381563075792493,0.0014348727999999936,1.018514487588777
CARD_brand_visa,DIST1_close,0.07648,0.11766877961720723,1.0096857698404602,0.0007336616000000046,1.0012793149454573
DIST1_close,CARD_brand_visa,0.07648,0.6562553629655055,1.0096857698404602,0.0007336616000000046,1.0183140686004137
CARD_type_credit,DIST1_close,0.01844,0.07253559908740462,0.6224094653115206,-0.011186798800000002,0.952554080820189
DIST1_close,CARD_type_credit,0.01844,0.15822893427149476,0.6224094653115205,-0.011186798800000002,0.885965353615443
CARD_type_debit,DIST1_close,0.09804,0.13193379087605975,1.132090191145184,0.011439125999999994,1.017733429331182
DIST1_close,CARD_type_debit,0.09804,0.8412562210399862,1.132090191145184,0.011439125999999994,1.6183311341156734
PROD_W,DIST1_close,0.11654,0.15679151867398558,1.3453880099020556,0.02991814879999999,1.0477361405401344
DIST1_close,PROD_W,0.11654,1.0,1.3453880099020556,0.02991814879999999,inf
DEVICE_type_Unknown,DIST1_close,0.11654,0.15314865433137093,1.314129520605551,0.02785772160000001,1.0432291386372465
DIST1_close,DEVICE_type_Unknown,0.11654,1.0,1.314129520605551,0.02785772160000001,inf
DEVICE_info_Unknown,DIST1_close,0.11654,0.14579163330664532,1.2510008006405124,0.023382585600000005,1.0342441426984077
DIST1_close,DEVICE_info_Unknown,0.11654,1.0,1.2510008006405124,0.023382585600000005,inf
EMAIL_anonymous,DIST1_close,0.00514,0.08352291192720182,0.7166887929226172,-0.0020318716000000004,0.9639739076962359
EMAIL_corporate,DIST1_close,0.01572,0.11755907867185164,1.0087444540230963,0.0001362711999999995,1.0011548405645132
DIST1_close,EMAIL_corporate,0.01572,0.13488930839196842,1.008744454023096,0.0001362711999999995,1.0013516285293615
EMAIL_unknown,DIST1_close,0.02114,0.13067128198788477,1.121256924557103,0.0022861587999999967,1.0162553952187074
DIST1_close,EMAIL_unknown,0.02114,0.18139694525484812,1.121256924557103,0.0022861587999999967,1.023963928596087
EMAIL_webmail,DIST1_close,0.07454,0.11593977477757729,0.9948496205386759,-0.00038589680000000737,0.9993210583337762
DIST1_close,EMAIL_webmail,0.07454,0.6396087180367255,0.9948496205386758,-0.00038589680000000737,0.9908119806774538
DIST1_far,DIST2_q1,0.0248,1.0,1.0,0.0,inf
DIST1_far,CARD_brand_mastercard,0.0082,0.3306451612903226,1.0246843972056607,0.0001975359999999999,1.0118997588849692
DIST1_far,CARD_brand_visa,0.01636,0.6596774193548387,1.0149507959795045,0.0002409919999999989,1.0285535542001407
DIST1_far,CARD_type_debit,0.02148,0.8661290322580645,1.165561878963887,0.003051120000000001,1.9190120467592917
DIST1_far,PROD_W,0.0248,1.0,1.3453880099020556,0.006366655999999998,inf
DIST1_far,DEVICE_type_Unknown,0.0248,1.0,1.314129520605551,0.005928192000000002,inf
DIST1_far,DEVICE_info_Unknown,0.0248,1.0,1.2510008006405124,0.004975871999999999,inf
DIST1_far,EMAIL_webmail,0.01682,0.678225806451613,1.0549147739246143,0.0008755840000000022,1.109722305419535
DIST1_medium,DIST2_q1,0.01492,1.0,1.0,0.0,inf
DIST1_medium,CARD_brand_mastercard,0.00548,0.36729222520107235,1.1382553154861546,0.0006656143999999994,1.070509999830805
DIST1_medium,CARD_brand_visa,0.00936,0.6273458445040215,0.9652068504277518,-0.0003374031999999992,0.9393159709709608
DIST1_medium,CARD_type_debit,0.01324,0.8873994638069705,1.1941857943842962,0.002152948,2.2815166646404634
DIST1_medium,PROD_W,0.01492,1.0,1.3453880099020556,0.0038302623999999993,inf
DIST1_medium,DEVICE_type_Unknown,0.01492,1.0,1.314129520605551,0.003566476800000001,inf
DIST1_medium,DEVICE_info_Unknown,0.01492,1.0,1.2510008006405124,0.0029935488000000007,inf
DIST1_medium,EMAIL_webmail,0.01032,0.6916890080428955,1.0758554844193609,0.0007276335999999994,1.1581812170156507
DIST2_q1,DIST1_veryclose,0.81402,0.81402,1.0,0.0,0.9999999994623078
DIST1_veryclose,DIST2_q1,0.81402,1.0,1.0,0.0,inf
V2_high,DIST1_veryclose,0.01308,0.6386718749999999,0.7845899056534237,-0.0035911296000000013,0.514712216073766
V3_high,DIST1_veryclose,0.02144,0.6261682242990655,0.7692295328113137,-0.006432044799999998,0.49749649986691985
V4_high,DIST1_veryclose,0.00788,0.6033690658499234,0.7412214268076012,-0.0027511012,0.4688993821211618
V13_high,DIST1_veryclose,0.0117,0.693950177935943,0.8524977002235118,-0.0020243771999999983,0.6076788370107469
CARD_brand_american_express,DIST1_veryclose,0.01344,1.0,1.228471044937471,0.0024995712,inf
CARD_brand_discover,DIST1_veryclose,0.00976,0.863716814159292,1.0610510972203289,0.0005615740000000004,1.3646584405571014
CARD_brand_mastercard,DIST1_veryclose,0.261,0.8088508739308293,0.9936498782963924,-0.0016679735999999834,0.9729576259501398
DIST1_veryclose,CARD_brand_mastercard,0.261,0.3206309427286799,0.9936498782963924,-0.0016679735999999834,0.9969838818105015
DIST1_veryclose,CARD_brand_visa,0.52732,0.6477973514164271,0.9966726435725694,-0.001760439199999908,0.9938596467356047
CARD_brand_visa,DIST1_veryclose,0.52732,0.8113114653209429,0.9966726435725694,-0.001760439199999908,0.9856454724065317
CARD_type_credit,DIST1_veryclose,0.22558,0.8873416725670679,1.090073551715029,0.018639835600000015,1.6508322471380077
DIST1_veryclose,CARD_type_credit,0.22558,0.2771184983169947,1.090073551715029,0.018639835600000015,1.0316766968867166
CARD_type_debit,DIST1_veryclose,0.58588,0.7884268604494684,0.968559569113128,-0.019018262000000008,0.8790340792181591
DIST1_veryclose,CARD_type_debit,0.58588,0.7197366158079653,0.9685595691131279,-0.019018262000000008,0.9166377571902508
PROD_C,DIST1_veryclose,0.1166,1.0,1.228471044937471,0.021685268000000008,inf
DIST1_veryclose,PROD_C,0.1166,0.1432397238397091,1.2284710449374707,0.021685268000000008,1.0310935561298311
PROD_H,DIST1_veryclose,0.0563,1.0,1.228471044937471,0.010470674,inf
DIST1_veryclose,PROD_H,0.0563,0.06916291982997962,1.228471044937471,0.010470674,1.0138186584984863
PROD_R,DIST1_veryclose,0.06294,1.0,1.228471044937471,0.011705581200000002,inf
DIST1_veryclose,PROD_R,0.06294,0.07731996756836441,1.228471044937471,0.011705581200000002,1.0155849990910812
PROD_S,DIST1_veryclose,0.02088,1.0,1.228471044937471,0.0038832624000000003,inf
PROD_W,DIST1_veryclose,0.5573,0.7497847379184156,0.9210888404688038,-0.04774478559999995,0.7432799997029437
DIST1_veryclose,PROD_W,0.5573,0.6846269133436526,0.9210888404688038,-0.04774478559999995,0.8140199997418867
DEVICE_type_Unknown,DIST1_veryclose,0.57498,0.7555981917577798,0.9282305001815432,-0.04445665919999986,0.7609599996886444
DIST1_veryclose,DEVICE_type_Unknown,0.57498,0.706346281418147,0.9282305001815432,-0.04445665919999986,0.8140199997227962
DEVICE_type_desktop,DIST1_veryclose,0.14632,1.0,1.228471044937471,0.0272125936,inf
DIST1_veryclose,DEVICE_type_desktop,0.14632,0.17974988329525074,1.228471044937471,0.0272125936,1.0407557189086123
DEVICE_type_mobile,DIST1_veryclose,0.09272,1.0,1.228471044937471,0.017244065599999997,inf
DIST1_veryclose,DEVICE_type_mobile,0.09272,0.11390383528660229,1.228471044937471,0.017244065599999997,1.0239069257128128
DEVICE_info_MacOS,DIST1_veryclose,0.0206,1.0,1.228471044937471,0.0038311879999999993,inf
DEVICE_info_Trident/7.0,DIST1_veryclose,0.01306,1.0,1.228471044937471,0.002428898800000001,inf
DEVICE_info_Unknown,DIST1_veryclose,0.61338,0.7673388710968776,0.9426535847975205,-0.037315027199999906,0.7993599996564278
DIST1_veryclose,DEVICE_info_Unknown,0.61338,0.7535195695437459,0.9426535847975204,-0.037315027199999906,0.8140199996697428
DEVICE_info_Windows,DIST1_veryclose,0.0825,1.0,1.228471044937471,0.015343350000000006,inf
DIST1_veryclose,DEVICE_info_Windows,0.0825,0.10134886120734135,1.228471044937471,0.015343350000000006,1.0209746143877003
DEVICE_info_iOS_Device,DIST1_veryclose,0.03228,1.0,1.228471044937471,0.0060034344,inf
EMAIL_anonymous,DIST1_veryclose,0.05386,0.875203119922002,1.0751616912631163,0.003765209200000001,1.490261613389184
DIST1_veryclose,EMAIL_anonymous,0.05386,0.06616545048033218,1.0751616912631163,0.003765209200000001,1.0049531797492564
DIST1_veryclose,EMAIL_corporate,0.11012,0.13527923146851428,1.0116604207935558,0.0012692455999999963,1.0018031616969045
EMAIL_corporate,DIST1_veryclose,0.11012,0.8235118157343703,1.0116604207935558,0.0012692455999999963,1.0537815926232554
EMAIL_unknown,DIST1_veryclose,0.12872,0.79564841142292,0.9774310353835532,-0.0029721555999999982,0.9100981362757541
DIST1_veryclose,EMAIL_unknown,0.12872,0.15812879290435125,0.9774310353835532,-0.0029721555999999982,0.9956629860191901
DIST1_veryclose,EMAIL_webmail,0.52128,0.6403773863050047,0.9960452098317126,-0.0020697384000000207,0.9929297722182601
EMAIL_webmail,DIST1_veryclose,0.52128,0.8108007217072107,0.9960452098317127,-0.0020697384000000207,0.9829847216113277
FRAUD,DIST1_veryclose,0.03144,0.8767428890128277,1.0770532530070855,0.0022492428000000023,1.5088784603142908
DIST1_veryfar,DIST2_q1,0.02972,1.0,1.0,0.0,inf
DIST1_veryfar,CARD_brand_mastercard,0.00896,0.3014804845222072,0.9343017370838205,-0.0006300496000000017,0.9696507898419169
DIST1_veryfar,CARD_brand_visa,0.02044,0.6877523553162853,1.058145663296642,0.001123188800000001,1.1210332755030483
DIST1_veryfar,CARD_type_credit,0.00526,0.17698519515477792,0.696189108468169,-0.0022954183999999997,0.9061562386470525
DIST1_veryfar,CARD_type_debit,0.02446,0.823014804845222,1.1075424637938662,0.002375068000000001,1.451533839484038
DIST1_veryfar,PROD_W,0.02972,1.0,1.3453880099020556,0.007629718399999999,inf
DIST1_veryfar,DEVICE_type_Unknown,0.02972,1.0,1.314129520605551,0.007104268800000001,inf
DIST1_veryfar,DEVICE_info_Unknown,0.02972,1.0,1.2510008006405124,0.0059630208,inf
DIST1_veryfar,EMAIL_unknown,0.00526,0.17698519515477792,1.093986865834948,0.0004518983999999993,1.0184749957879433
DIST1_veryfar,EMAIL_webmail,0.01996,0.6716016150740242,1.0446114836589686,0.0008524175999999987,1.0873378685213553
V2_high,DIST2_q1,0.02048,1.0,1.0,0.0,inf
V3_high,DIST2_q1,0.03424,1.0,1.0,0.0,inf
V4_high,DIST2_q1,0.01306,1.0,1.0,0.0,inf
V12_high,DIST2_q1,0.00568,1.0,1.0,0.0,inf
V13_high,DIST2_q1,0.01686,1.0,1.0,0.0,inf
CARD_brand_american_express,DIST2_q1,0.01344,1.0,1.0,0.0,inf
CARD_brand_discover,DIST2_q1,0.0113,1.0,1.0,0.0,inf
CARD_brand_mastercard,DIST2_q1,0.32268,1.0,1.0,0.0,inf
DIST2_q1,CARD_brand_mastercard,0.32268,0.32268,1.0,0.0,0.9999999998523593
DIST2_q1,CARD_brand_visa,0.64996,0.64996,1.0,0.0,0.9999999997143183
CARD_brand_visa,DIST2_q1,0.64996,1.0,1.0,0.0,inf
CARD_type_credit,DIST2_q1,0.25422,1.0,1.0,0.0,inf
DIST2_q1,CARD_type_credit,0.25422,0.25422,1.0,0.0,0.9999999998659121
CARD_type_debit,DIST2_q1,0.7431,1.0,1.0,0.0,inf
DIST2_q1,CARD_type_debit,0.7431,0.7431,1.0,0.0,0.9999999996107435
PROD_C,DIST2_q1,0.1166,1.0,1.0,0.0,inf
DIST2_q1,PROD_C,0.1166,0.1166,1.0,0.0,0.999999999886801
PROD_H,DIST2_q1,0.0563,1.0,1.0,0.0,inf
DIST2_q1,PROD_H,0.0563,0.0563,1.0,0.0,0.9999999998940341
PROD_R,DIST2_q1,0.06294,1.0,1.0,0.0,inf
DIST2_q1,PROD_R,0.06294,0.06294,1.0,0.0,0.9999999998932833
PROD_S,DIST2_q1,0.02088,1.0,1.0,0.0,inf
PROD_W,DIST2_q1,0.74328,1.0,1.0,0.0,inf
DIST2_q1,PROD_W,0.74328,0.74328,1.0,0.0,0.9999999996104705
DEVICE_type_Unknown,DIST2_q1,0.76096,1.0,1.0,0.0,inf
DIST2_q1,DEVICE_type_Unknown,0.76096,0.76096,1.0,0.0,0.99999999958166
DEVICE_type_desktop,DIST2_q1,0.14632,1.0,1.0,0.0,inf
DIST2_q1,DEVICE_type_desktop,0.14632,0.14632,1.0,0.0,0.99999999988286
DEVICE_type_mobile,DIST2_q1,0.09272,1.0,1.0,0.0,inf
DIST2_q1,DEVICE_type_mobile,0.09272,0.09272,1.0,0.0,0.9999999998897804
DEVICE_info_MacOS,DIST2_q1,0.0206,1.0,1.0,0.0,inf
DEVICE_info_Trident/7.0,DIST2_q1,0.01306,1.0,1.0,0.0,inf
DEVICE_info_Unknown,DIST2_q1,0.79936,1.0,1.0,0.0,inf
DIST2_q1,DEVICE_info_Unknown,0.79936,0.79936,1.0,0.0,0.9999999995015949
DEVICE_info_Windows,DIST2_q1,0.0825,1.0,1.0,0.0,inf
DIST2_q1,DEVICE_info_Windows,0.0825,0.0825,1.0,0.0,0.9999999998910082
DEVICE_info_iOS_Device,DIST2_q1,0.03228,1.0,1.0,0.0,inf
EMAIL_anonymous,DIST2_q1,0.06154,1.0,1.0,0.0,inf
DIST2_q1,EMAIL_anonymous,0.06154,0.06154,1.0,0.0,0.9999999998934425
DIST2_q1,EMAIL_corporate,0.13372,0.13372,1.0,0.0,0.9999999998845639
EMAIL_corporate,DIST2_q1,0.13372,1.0,1.0,0.0,inf
EMAIL_unknown,DIST2_q1,0.16178,1.0,1.0,0.0,inf
DIST2_q1,EMAIL_unknown,0.16178,0.16178,1.0,0.0,0.9999999998806995
DIST2_q1,EMAIL_webmail,0.64292,0.64292,1.0,0.0,0.9999999997199507
EMAIL_webmail,DIST2_q1,0.64292,1.0,1.0,0.0,inf
FRAUD,DIST2_q1,0.03586,1.0,1.0,0.0,inf
V2_high,V3_high,0.02048,1.0,29.205607476635514,0.0197787648,inf
V3_high,V2_high,0.02048,0.5981308411214954,29.205607476635514,0.0197787648,2.4374102319516213
V4_high,V2_high,0.00952,0.7289433384379785,35.59293644716692,0.0092525312,3.6137093771978797
V2_high,V4_high,0.00952,0.46484375,35.59293644716692,0.0092525312,1.8442090507502793
V2_high,CARD_brand_mastercard,0.0074,0.361328125,1.1197722976323292,0.0007915135999999991,1.060513272005204
V2_high,CARD_brand_visa,0.0126,0.615234375,0.9465726737029971,-0.0007111808000000008,0.9097486292051821
V2_high,CARD_type_debit,0.01638,0.7998046874999999,1.0763082862333466,0.0011613119999999977,1.2832468286272947
V2_high,PROD_W,0.02048,1.0,1.3453880099020556,0.0052576255999999995,inf
V2_high,DEVICE_type_Unknown,0.02048,1.0,1.314129520605551,0.004895539200000002,inf
V2_high,DEVICE_info_Unknown,0.02048,1.0,1.2510008006405124,0.0041091072,inf
V2_high,EMAIL_webmail,0.01362,0.6650390625,1.0344040666023766,0.000452998399999998,1.0660347518683324
V4_high,V3_high,0.00966,0.7396630934150077,21.602309971232703,0.0092128256,3.7096545868103505
V3_high,V4_high,0.00966,0.2821261682242991,21.602309971232703,0.0092128256,1.374809828937862
V3_high,CARD_brand_mastercard,0.0123,0.3592289719626168,1.1132669268706359,0.0012514368000000001,1.0570390517949269
V3_high,CARD_brand_visa,0.02134,0.6232476635514019,0.9589015686371499,-0.000914630399999998,0.9290984183580442
V3_high,CARD_type_credit,0.00644,0.18808411214953272,0.7398478174397479,-0.0022644927999999993,0.9185434243472987
V3_high,CARD_type_debit,0.0277,0.8089953271028038,1.0886762577079852,0.002256255999999998,1.3449932714670862
V3_high,PROD_W,0.03424,1.0,1.3453880099020556,0.0087900928,inf
V3_high,DEVICE_type_Unknown,0.03424,1.0,1.314129520605551,0.0081847296,inf
V3_high,DEVICE_info_Unknown,0.03424,1.0,1.2510008006405124,0.006869913600000003,inf
V3_high,EMAIL_unknown,0.0059,0.17231308411214952,1.0651074552611541,0.0003606527999999998,1.012725927894581
V3_high,EMAIL_webmail,0.0223,0.651285046728972,1.0130110227228457,0.00028641919999999876,1.0239882074115465
V4_high,CARD_brand_visa,0.00822,0.6294027565084226,0.9683715251837384,-0.0002684776000000007,0.9445294212327363
V4_high,CARD_type_debit,0.01066,0.8162327718223583,1.0984157876764342,0.000955114,1.397964165905941
V4_high,PROD_W,0.01306,1.0,1.3453880099020556,0.003352763199999999,inf
V4_high,DEVICE_type_Unknown,0.01306,1.0,1.314129520605551,0.0031218623999999997,inf
V4_high,DEVICE_info_Unknown,0.01306,1.0,1.2510008006405124,0.0026203584,inf
V4_high,EMAIL_webmail,0.00968,0.7411944869831546,1.152856478229258,0.0012834647999999983,1.3797233130763549
V12_high,V13_high,0.00568,1.0,59.31198102016607,0.0055842352,inf
V13_high,V12_high,0.00568,0.3368920521945433,59.31198102016608,0.0055842352,1.4994843647112583
V12_high,PROD_W,0.00568,1.0,1.3453880099020556,0.0014581695999999998,inf
V12_high,DEVICE_type_Unknown,0.00568,1.0,1.314129520605551,0.0013577472000000004,inf
V12_high,DEVICE_info_Unknown,0.00568,1.0,1.2510008006405124,0.0011396352,inf
V13_high,CARD_brand_mastercard,0.00582,0.34519572953736655,1.0697772701666248,0.000379615199999999,1.03438543462464
V13_high,CARD_brand_visa,0.01072,0.6358244365361804,0.9782516409258729,-0.00023832559999999864,0.9611847554363915
V13_high,CARD_type_debit,0.01396,0.8279952550415184,1.114244724857379,0.0014313340000000011,1.4935634474075352
V13_high,PROD_W,0.01686,1.0,1.3453880099020556,0.0043282992,inf
V13_high,DEVICE_type_Unknown,0.01686,1.0,1.314129520605551,0.004030214400000001,inf
V13_high,DEVICE_info_Unknown,0.01686,1.0,1.2510008006405124,0.0033827904000000002,inf
V13_high,EMAIL_webmail,0.0107,0.6346381969157769,0.9871184547311903,-0.0001396312000000021,0.9773325971350999
CARD_type_credit,CARD_brand_american_express,0.01304,0.05129415466918417,3.816529365266679,0.009623283199999999,1.0399008341220817
CARD_brand_american_express,CARD_type_credit,0.01304,0.9702380952380951,3.8165293652666787,0.009623283199999999,25.05820791580432
PROD_R,CARD_brand_american_express,0.01012,0.16078805211312364,11.963396734607413,0.009274086400000001,1.1755790683945646
CARD_brand_american_express,PROD_R,0.01012,0.7529761904761905,11.963396734607413,0.009274086400000001,3.7933995165366476
CARD_brand_american_express,DEVICE_type_desktop,0.01012,0.7529761904761905,5.146092061756359,0.008153459200000001,3.4558612034202776
DEVICE_type_desktop,CARD_brand_american_express,0.01012,0.06916347731000547,5.146092061756359,0.008153459200000001,1.059863870664406
CARD_brand_american_express,EMAIL_webmail,0.0062,0.4613095238095238,0.7175224348434078,-0.0024408448000000004,0.66286674020844
CARD_brand_discover,CARD_type_credit,0.0108,0.9557522123893807,3.7595476846407863,0.007927314000000001,16.854627961908598
CARD_brand_discover,PROD_W,0.00748,0.6619469026548672,0.8905754260236616,-0.0009190639999999998,0.7594073296182903
CARD_brand_discover,DEVICE_type_Unknown,0.00754,0.6672566371681417,0.876861644722642,-0.0010588479999999994,0.7183914891458028
CARD_brand_discover,DEVICE_info_Unknown,0.00782,0.6920353982300886,0.8657368372574168,-0.0012127679999999978,0.651503448064311
CARD_brand_discover,EMAIL_webmail,0.0059,0.5221238938053098,0.8121133170617024,-0.0013649960000000003,0.7472229628065996
CARD_brand_mastercard,CARD_type_credit,0.08922,0.2764968389735961,1.0876281920132016,0.007188290399999991,1.0307902440107017
CARD_type_credit,CARD_brand_mastercard,0.08922,0.35095586499881987,1.0876281920132014,0.007188290399999991,1.043565396202851
CARD_brand_mastercard,CARD_type_debit,0.23342,0.7233791992066443,0.9734614442291001,-0.006363508000000018,0.9287081780196328
CARD_type_debit,CARD_brand_mastercard,0.23342,0.31411653882384605,0.9734614442291001,-0.006363508000000018,0.9875146992752663
CARD_brand_mastercard,PROD_C,0.047,0.145655138217429,1.2491864341117411,0.009375511999999996,1.03400867660561
PROD_C,CARD_brand_mastercard,0.047,0.4030874785591767,1.2491864341117414,0.009375511999999996,1.1347056319938122
PROD_H,CARD_brand_mastercard,0.01352,0.24014209591474245,0.7442112802613811,-0.004646884,0.8913771854834395
PROD_R,CARD_brand_mastercard,0.0126,0.20019065776930411,0.620399955898426,-0.007709479200000001,0.8468518234936414
PROD_S,CARD_brand_mastercard,0.00734,0.35153256704980845,1.0894154179056912,0.0006024415999999998,1.0444934710353837
CARD_brand_mastercard,PROD_W,0.24222,0.7506507995537374,1.0099165853429897,0.0023784095999999644,1.0295601487295316
PROD_W,CARD_brand_mastercard,0.24222,0.32587988375847593,1.0099165853429897,0.0023784095999999644,1.0047467559280707
DEVICE_type_Unknown,CARD_brand_mastercard,0.24876,0.32690285954583687,1.0130868338472692,0.0032134272000000075,1.0062737741574121
CARD_brand_mastercard,DEVICE_type_Unknown,0.24876,0.7709185570844179,1.0130868338472692,0.0032134272000000075,1.0434716878561856
CARD_brand_mastercard,DEVICE_type_desktop,0.04466,0.13840337176149745,0.9458951049856305,-0.0025545376000000036,0.9908116767427828
DEVICE_type_desktop,CARD_brand_mastercard,0.04466,0.30522143247676325,0.9458951049856305,-0.0025545376000000036,0.9748717527615155
CARD_brand_mastercard,DEVICE_type_mobile,0.02926,0.09067807115408454,0.9779774714633794,-0.0006588896000000004,0.997754448803096
DEVICE_type_mobile,CARD_brand_mastercard,0.02926,0.3155737704918033,0.9779774714633794,-0.0006588896000000004,0.9896172453643912
CARD_brand_mastercard,DEVICE_info_Unknown,0.26346,0.8164745258460394,1.0214102855359781,0.005522515200000022,1.093254224328316
DEVICE_info_Unknown,CARD_brand_mastercard,0.26346,0.32958867093674943,1.0214102855359781,0.005522515200000022,1.0103051224468003
CARD_brand_mastercard,DEVICE_info_Windows,0.02676,0.08293045741911491,1.0052176656862413,0.00013889999999999736,1.0004693835080996
DEVICE_info_Windows,CARD_brand_mastercard,0.02676,0.32436363636363635,1.0052176656862413,0.00013889999999999736,1.0024919266546366
DEVICE_info_iOS_Device,CARD_brand_mastercard,0.0069,0.21375464684014867,0.6624353751089272,-0.0035161104000000012,0.8614613710488258
CARD_brand_mastercard,EMAIL_anonymous,0.01904,0.059005826205528696,0.9588207053222083,-0.0008177271999999999,0.9973069186135519
EMAIL_anonymous,CARD_brand_mastercard,0.01904,0.3093922651933702,0.9588207053222083,-0.0008177271999999999,0.980759359857986
CARD_brand_mastercard,EMAIL_corporate,0.04104,0.12718482707326143,0.9511279320465257,-0.0021087696000000045,0.9925125350375429
EMAIL_corporate,CARD_brand_mastercard,0.04104,0.30690996111277297,0.9511279320465258,-0.0021087696000000045,0.9772467672306027
EMAIL_unknown,CARD_brand_mastercard,0.05422,0.33514649524045,1.0386342359007374,0.002016829599999992,1.0187507398988345
CARD_brand_mastercard,EMAIL_unknown,0.05422,0.1680302466840213,1.0386342359007374,0.002016829599999992,1.0075125887189509
CARD_brand_mastercard,EMAIL_webmail,0.20836,0.6457171191273087,1.004350648801264,0.0009025743999999669,1.0078951571682748
EMAIL_webmail,CARD_brand_mastercard,0.20836,0.3240838673551919,1.0043506488012641,0.0009025743999999669,1.0020769843878277
FRAUD,CARD_brand_mastercard,0.0115,0.32069157836029,0.9938377908773087,-7.130480000000147e-05,0.9970728734164405
CARD_type_credit,CARD_brand_visa,0.14116,0.5552670914955551,0.854309636740038,-0.024072831199999978,0.7870791507163531
CARD_brand_visa,CARD_type_credit,0.14116,0.21718259585205246,0.854309636740038,-0.024072831199999978,0.9526870454757845
CARD_type_debit,CARD_brand_visa,0.50878,0.6846723186650518,1.0534068537526184,0.025794724000000047,1.1100833216008439
CARD_brand_visa,CARD_type_debit,0.50878,0.7827866330235708,1.0534068537526184,0.025794724000000047,1.1827080600873268
PROD_C,CARD_brand_visa,0.06932,0.5945111492281304,0.914688825817174,-0.006465335999999988,0.8632543145079201
CARD_brand_visa,PROD_C,0.06932,0.1066527170902825,0.9146888258171741,-0.006465335999999988,0.9888651555795805
PROD_H,CARD_brand_visa,0.03932,0.6984014209591474,1.0745298494663478,0.0027272519999999995,1.1606155473183588
CARD_brand_visa,PROD_H,0.03932,0.060496030524955384,1.0745298494663478,0.0027272519999999995,1.0044662189419522
PROD_R,CARD_brand_visa,0.03846,0.6110581506196378,0.9401473177113019,-0.0024484823999999933,0.8999802938862551
CARD_brand_visa,PROD_R,0.03846,0.05917287217674934,0.9401473177113019,-0.0024484823999999933,0.9959959403683798
PROD_S,CARD_brand_visa,0.01158,0.5545977011494253,0.8532797420601658,-0.0019911647999999987,0.7858962578880698
PROD_W,CARD_brand_visa,0.49128,0.6609622215046819,1.0169275363171302,0.008177731199999982,1.0324513139811902
CARD_brand_visa,PROD_W,0.49128,0.7558618991937965,1.0169275363171302,0.008177731199999982,1.0515359915027371
DEVICE_type_Unknown,CARD_brand_visa,0.50186,0.6595090412111018,1.0146917367393407,0.007266438400000019,1.0280449182623308
CARD_brand_visa,DEVICE_type_Unknown,0.50186,0.7721398239891686,1.0146917367393407,0.007266438400000019,1.0490644046712696
DEVICE_type_desktop,CARD_brand_visa,0.08876,0.6066156369600875,0.9333122606931004,-0.006342147199999995,0.8898167614138326
CARD_brand_visa,DEVICE_type_desktop,0.08876,0.13656224998461444,0.9333122606931004,-0.006342147199999995,0.9886989535561983
DEVICE_type_mobile,CARD_brand_visa,0.05934,0.6399913718723037,0.9846627052007874,-0.0009242911999999964,0.9723100296879791
CARD_brand_visa,DEVICE_type_mobile,0.05934,0.091297926026217,0.9846627052007874,-0.0009242911999999964,0.9984350491603835
DEVICE_info_MacOS,CARD_brand_visa,0.01334,0.6475728155339805,0.9963271824942773,-4.9175999999999734e-05,0.993226445999167
DEVICE_info_Trident/7.0,CARD_brand_visa,0.00766,0.5865237366003063,0.9023997424461603,-0.0008284776000000004,0.8465782220174758
DEVICE_info_Unknown,CARD_brand_visa,0.52474,0.6564501601281025,1.0099854762263871,0.005187974400000073,1.0188914657292039
CARD_brand_visa,DEVICE_info_Unknown,0.52474,0.8073419902763247,1.0099854762263871,0.005187974400000073,1.041430876316173
DEVICE_info_Windows,CARD_brand_visa,0.0493,0.5975757575757575,0.9194038980487377,-0.004321700000000005,0.8698283130368649
CARD_brand_visa,DEVICE_info_Windows,0.0493,0.07585082158902086,0.9194038980487377,-0.004321700000000005,0.9928050809700524
DEVICE_info_iOS_Device,CARD_brand_visa,0.02248,0.6964064436183395,1.0714604646721944,0.001499291199999999,1.1529888975794031
EMAIL_anonymous,CARD_brand_visa,0.03752,0.6096847578810529,0.9380342757724367,-0.0024785384000000008,0.896813555140758
CARD_brand_visa,EMAIL_anonymous,0.03752,0.057726629331035756,0.9380342757724368,-0.0024785384000000008,0.9959530101483689
EMAIL_corporate,CARD_brand_visa,0.08792,0.6574932695183966,1.0115903586657589,0.001007348800000002,1.021994514985456
CARD_brand_visa,EMAIL_corporate,0.08792,0.1352698627607853,1.0115903586657589,0.001007348800000002,1.0017923079049311
EMAIL_unknown,CARD_brand_visa,0.10366,0.6407466930399307,0.9858248092804646,-0.0014905288000000017,0.9743542874094441
CARD_brand_visa,EMAIL_unknown,0.10366,0.15948673764539356,0.9858248092804646,-0.0014905288000000017,0.9972715927790249
EMAIL_webmail,CARD_brand_visa,0.42084,0.6545759970136252,1.0071019709114795,0.0029677167999999643,1.0133632778046144
CARD_brand_visa,EMAIL_webmail,0.42084,0.6474859991384085,1.0071019709114797,0.0029677167999999643,1.0129526742936545
FRAUD,CARD_brand_visa,0.02288,0.6380368098159509,0.9816555015938687,-0.0004275655999999989,0.9670596607497784
CARD_type_credit,PROD_C,0.04656,0.18314845409487843,1.570741458789695,0.016917948,1.0814694595613352
PROD_C,CARD_type_credit,0.04656,0.39931389365351627,1.570741458789695,0.016917948,1.2415469443963958
CARD_type_credit,PROD_H,0.03032,0.11926677680748958,2.1184152186054988,0.016007413999999998,1.0714935863008508
PROD_H,CARD_type_credit,0.03032,0.5385435168738898,2.1184152186054983,0.016007413999999998,1.6161437255928062
CARD_type_credit,PROD_R,0.04356,0.17134765164031154,2.7223967531031388,0.027559393200000004,1.1308240442953204
PROD_R,CARD_type_credit,0.04356,0.69208770257388,2.7223967531031388,0.027559393200000004,2.422053311906894
PROD_S,CARD_type_credit,0.01206,0.5775862068965517,2.2719935760229397,0.0067518864,1.76551999958204
CARD_type_credit,PROD_W,0.12172,0.47879789158996144,0.6441689425115185,-0.06723664160000001,0.4925536482073833
PROD_W,CARD_type_credit,0.12172,0.1637606285652782,0.6441689425115183,-0.06723664160000001,0.8918259835473845
DEVICE_type_Unknown,CARD_type_credit,0.12998,0.17081055508830953,0.6719005392506865,-0.0634712512,0.899408457845825
CARD_type_credit,DEVICE_type_Unknown,0.12998,0.5112894343482024,0.6719005392506865,-0.0634712512,0.48912386338993485
CARD_type_credit,DEVICE_type_desktop,0.08542,0.33600818188970183,2.2963927138443263,0.048222529599999994,1.2856784926973666
DEVICE_type_desktop,CARD_type_credit,0.08542,0.5837889557135046,2.2963927138443263,0.048222529599999994,1.7918313558913288
CARD_type_credit,DEVICE_type_mobile,0.03882,0.15270238376209583,1.6469195832840362,0.015248721600000001,1.070792579260809
DEVICE_type_mobile,CARD_type_credit,0.03882,0.41867989646246767,1.6469195832840362,0.015248721600000001,1.2829076361429477
CARD_type_credit,DEVICE_info_MacOS,0.01404,0.055227755487373145,2.680959004241415,0.008803068,1.036651960919503
DEVICE_info_MacOS,CARD_type_credit,0.01404,0.6815533980582524,2.680959004241415,0.008803068,2.3419310968255522
DEVICE_info_Trident/7.0,CARD_type_credit,0.00878,0.672281776416539,2.644488145765632,0.005459886799999999,2.275674485286908
CARD_type_credit,DEVICE_info_Unknown,0.14628,0.5754071276846825,0.7198347774277954,-0.05693329920000001,0.4725467925512962
DEVICE_info_Unknown,CARD_type_credit,0.14628,0.18299639711769417,0.7198347774277954,-0.05693329920000001,0.912823391815754
CARD_type_credit,DEVICE_info_Windows,0.0476,0.187239398945795,2.2695684720702425,0.026626850000000004,1.1288686960183036
DEVICE_info_Windows,CARD_type_credit,0.0476,0.576969696969697,2.2695684720702425,0.026626850000000004,1.7629469909872693
DEVICE_info_iOS_Device,CARD_type_credit,0.01672,0.5179677819083023,2.037478490710024,0.008513778399999998,1.547157994537646
CARD_type_credit,DEVICE_info_iOS_Device,0.01672,0.06576980568011957,2.037478490710024,0.008513778399999998,1.0358474878891228
CARD_type_credit,EMAIL_anonymous,0.02764,0.10872472661474314,1.7667326391735967,0.011995301200000003,1.0529406883804049
EMAIL_anonymous,CARD_type_credit,0.02764,0.4491387715307118,1.766732639173597,0.011995301200000003,1.3538436929695707
CARD_type_credit,EMAIL_corporate,0.04706,0.18511525450397293,1.3843497943761063,0.013065701599999993,1.0630705810628238
EMAIL_corporate,CARD_type_credit,0.04706,0.3519294047262937,1.384349794376106,0.013065701599999993,1.1507696928757432
EMAIL_unknown,CARD_type_credit,0.03578,0.22116454444307082,0.8699730329756542,-0.005347711600000006,0.9575578443214969
CARD_type_credit,EMAIL_unknown,0.03578,0.14074423727480134,0.8699730329756542,-0.005347711600000006,0.975518624680463
CARD_type_credit,EMAIL_webmail,0.14372,0.5653371095901187,0.8793273029150107,-0.019723122400000015,0.8215102043358873
EMAIL_webmail,CARD_type_credit,0.14372,0.22354258694705403,0.8793273029150107,-0.019723122400000015,0.9604905399404008
CARD_type_credit,FRAUD,0.01762,0.06931004641648965,1.9327954940460024,0.0085036708,1.0359411275302801
FRAUD,CARD_type_credit,0.01762,0.49135527049637473,1.9327954940460024,0.0085036708,1.466210021641566
CARD_type_debit,PROD_C,0.06974,0.09385008747140358,0.8048892579022606,-0.016905459999999997,0.9748938753824932
PROD_C,CARD_type_debit,0.06974,0.5981132075471698,0.8048892579022605,-0.016905459999999997,0.6392347416249792
PROD_H,CARD_type_debit,0.02596,0.461101243339254,0.6205103530335809,-0.015876530000000003,0.47671292014885
PROD_R,CARD_type_debit,0.01936,0.30759453447727997,0.41393424098678505,-0.027410714,0.37102537856045814
PROD_S,CARD_type_debit,0.00882,0.4224137931034483,0.5684481134483222,-0.0066959279999999986,0.4447820894752318
CARD_type_debit,PROD_W,0.61922,0.8332929619162966,1.121102359697956,0.06688863199999995,1.5399469800255614
PROD_W,CARD_type_debit,0.61922,0.8330911634915509,1.1211023596979557,0.06688863199999995,1.5391635650942848
DEVICE_type_Unknown,CARD_type_debit,0.6286,0.8260618166526493,1.1116428699403167,0.06313062400000014,1.476961498093149
CARD_type_debit,DEVICE_type_Unknown,0.6286,0.8459157583097834,1.1116428699403167,0.06313062400000014,1.5513591605652277
CARD_type_debit,DEVICE_type_desktop,0.06078,0.08179249091643118,0.5589973408722743,-0.047950391999999994,0.9297244810805958
DEVICE_type_desktop,CARD_type_debit,0.06078,0.41539092400218697,0.5589973408722743,-0.047950391999999994,0.4394389524616568
CARD_type_debit,DEVICE_type_mobile,0.05372,0.0722917507737855,0.7796780713307323,-0.015180231999999995,0.9779798774657319
DEVICE_type_mobile,CARD_type_debit,0.05372,0.5793787748058671,0.7796780713307322,-0.015180231999999995,0.610763281906077
DEVICE_info_MacOS,CARD_type_debit,0.00656,0.31844660194174756,0.4285380190307463,-0.00874786,0.37693304837774344
CARD_type_debit,DEVICE_info_Unknown,0.65056,0.8754676355806756,1.0952107130462816,0.05655558400000005,1.6111474376515644
DEVICE_info_Unknown,CARD_type_debit,0.65056,0.8138510808646918,1.0952107130462816,0.05655558400000005,1.3800778487209824
DEVICE_info_Windows,CARD_type_debit,0.03486,0.42254545454545456,0.5686252920810854,-0.026445749999999997,0.4448835011824037
DEVICE_info_iOS_Device,CARD_type_debit,0.01554,0.4814126394052044,0.6478436810728091,-0.008447268000000003,0.49538422929515524
EMAIL_anonymous,CARD_type_debit,0.03372,0.5479363015924602,0.7373654980385684,-0.012010373999999997,0.5682827461000284
CARD_type_debit,EMAIL_corporate,0.0863,0.11613510967568295,0.8684946879725018,-0.013067332000000001,0.9801045492191967
EMAIL_corporate,CARD_type_debit,0.0863,0.6453784026323661,0.8684946879725018,-0.013067332000000001,0.7244341625962224
EMAIL_unknown,CARD_type_debit,0.1255,0.7757448386697985,1.0439306132011823,0.005281281999999998,1.1455700656413166
CARD_type_debit,EMAIL_unknown,0.1255,0.16888709460368725,1.043930613201182,0.005281281999999998,1.0085512984537799
CARD_type_debit,EMAIL_webmail,0.49756,0.6695734086933118,1.0414568044131647,0.019806147999999968,1.0806636308532047
EMAIL_webmail,CARD_type_debit,0.49756,0.7739065513594225,1.0414568044131645,0.019806147999999968,1.1362558332894042
FRAUD,CARD_type_debit,0.01822,0.5080870050195203,0.6837397456863414,-0.008427566000000001,0.5222468252906589
PROD_C,DEVICE_type_Unknown,0.0131,0.1123499142367067,0.14764233893595816,-0.07562793599999999,0.2692953043174881
PROD_C,DEVICE_type_desktop,0.0547,0.4691252144082333,3.206159201805859,0.037639088,1.6080628106825523
DEVICE_type_desktop,PROD_C,0.0547,0.3738381629305631,3.2061592018058587,0.037639088,1.4108173758934395
DEVICE_type_mobile,PROD_C,0.0488,0.5263157894736843,4.513857542655955,0.037988848000000006,1.8649555551618429
PROD_C,DEVICE_type_mobile,0.0488,0.41852487135506006,4.513857542655954,0.037988848000000006,1.5603074923570326
DEVICE_info_Unknown,PROD_C,0.04638,0.05802141713370697,0.4976107815926841,-0.046825375999999995,0.9378132539045326
PROD_C,DEVICE_info_Unknown,0.04638,0.39777015437392793,0.49761078159268407,-0.046825375999999995,0.3331618341799393
DEVICE_info_Windows,PROD_C,0.03118,0.3779393939393939,3.241332709600291,0.0215605,1.420118861813796
PROD_C,DEVICE_info_Windows,0.03118,0.26740994854202405,3.2413327096002913,0.0215605,1.2524057596042724
PROD_C,EMAIL_anonymous,0.0096,0.08233276157804459,1.3378739287950048,0.0024244359999999994,1.0226582802623907
EMAIL_anonymous,PROD_C,0.0096,0.15599610009749756,1.337873928795005,0.0024244359999999994,1.0466776279083316
PROD_C,EMAIL_corporate,0.00974,0.08353344768439108,0.624689258782464,-0.005851752,0.9452390790658666
EMAIL_corporate,PROD_C,0.00974,0.0728387675740353,0.6246892587824641,-0.005851752,0.9528008387422096
PROD_C,EMAIL_webmail,0.0934,0.8010291595197255,1.2459235356183125,0.018435527999999993,1.7946348266842476
EMAIL_webmail,PROD_C,0.0934,0.14527468425309523,1.2459235356183125,0.018435527999999993,1.0335484203187346
PROD_C,FRAUD,0.01386,0.1188679245283019,3.314777594208084,0.009678724,1.094205995593163
FRAUD,PROD_C,0.01386,0.38650306748466257,3.314777594208084,0.009678724,1.4399419997652894
PROD_H,DEVICE_type_desktop,0.03274,0.5815275310834813,3.974354367711053,0.024502183999999996,2.0399908314310204
DEVICE_type_desktop,PROD_H,0.03274,0.2237561509021323,3.974354367711053,0.024502183999999996,1.2157262192482081
DEVICE_type_mobile,PROD_H,0.02214,0.23878343399482313,4.241268809854763,0.016919864,1.2397260412086322
PROD_H,DEVICE_type_mobile,0.02214,0.3932504440497335,4.241268809854762,0.016919864,1.495312177739502
DEVICE_info_MacOS,PROD_H,0.00958,0.46504854368932036,8.260187276897343,0.008420219999999999,1.7640852991257698
PROD_H,DEVICE_info_MacOS,0.00958,0.17015985790408525,8.260187276897343,0.008420219999999999,1.1802273115016122
DEVICE_info_Windows,PROD_H,0.01772,0.21478787878787878,3.815060013994294,0.01307525,1.2018408457870455
PROD_H,DEVICE_info_Windows,0.01772,0.3147424511545293,3.8150600139942945,0.01307525,1.3389126488455656
DEVICE_info_iOS_Device,PROD_H,0.01642,0.5086741016109045,9.035063971774504,0.014602636,1.920721058877674
PROD_H,DEVICE_info_iOS_Device,0.01642,0.291651865008881,9.035063971774504,0.014602636,1.3661643929866725
PROD_H,EMAIL_anonymous,0.00584,0.10373001776198933,1.6855706493660925,0.0023752979999999996,1.0470728893005345
EMAIL_anonymous,PROD_H,0.00584,0.09489762755931101,1.6855706493660925,0.0023752979999999996,1.0426444882151447
PROD_H,EMAIL_corporate,0.01118,0.1985790408525755,1.4850362014102265,0.0036515640000000004,1.0809300530566126
EMAIL_corporate,PROD_H,0.01118,0.08360753813939575,1.4850362014102265,0.0036515640000000004,1.0297989553307452
PROD_H,EMAIL_webmail,0.03926,0.697335701598579,1.0846383711792742,0.0030636039999999976,1.1797889667463488
EMAIL_webmail,PROD_H,0.03926,0.06106514029739314,1.0846383711792742,0.0030636039999999976,1.0050750487615243
PROD_R,DEVICE_type_desktop,0.04238,0.6733396885923102,4.601829473703596,0.0331706192,2.613356964180522
DEVICE_type_desktop,PROD_R,0.04238,0.2896391470749043,4.601829473703596,0.0331706192,1.3191323761852842
DEVICE_type_mobile,PROD_R,0.01824,0.19672131147540983,3.1255372017065435,0.0124042032,1.1665440814874302
PROD_R,DEVICE_type_mobile,0.01824,0.2897998093422307,3.1255372017065435,0.0124042032,1.2774989528402554
DEVICE_info_MacOS,PROD_R,0.00956,0.46407766990291266,7.373334443961117,0.008263436,1.7484996373548995
PROD_R,DEVICE_info_MacOS,0.00956,0.151890689545599,7.373334443961117,0.008263436,1.1548039713887537
PROD_R,DEVICE_info_Trident/7.0,0.00626,0.09945980298697173,7.615605129170882,0.0054380036,1.095942194656001
DEVICE_info_Trident/7.0,PROD_R,0.00626,0.47932618683001527,7.6156051291708815,0.0054380036,1.7997064114190562
PROD_R,DEVICE_info_Windows,0.0225,0.3574833174451859,4.333131120547708,0.01730745,1.4279784864246365
DEVICE_info_Windows,PROD_R,0.0225,0.2727272727272727,4.333131120547708,0.01730745,1.288457499822837
DEVICE_info_iOS_Device,PROD_R,0.01456,0.45105328376703835,7.166401076692697,0.0125282968,1.7070144917883607
PROD_R,DEVICE_info_iOS_Device,0.01456,0.2313314267556403,7.166401076692698,0.0125282968,1.2589561139329504
PROD_R,EMAIL_anonymous,0.01494,0.23736892278360344,3.857148566519393,0.011066672400000001,1.2305556748386433
EMAIL_anonymous,PROD_R,0.01494,0.2427689307767306,3.857148566519393,0.011066672400000001,1.2374822401799257
PROD_R,EMAIL_corporate,0.01246,0.19796631712742296,1.4804540616768094,0.0040436632,1.080104262939814
EMAIL_corporate,PROD_R,0.01246,0.09317977864193838,1.4804540616768094,0.0040436632,1.0333470492015675
PROD_R,EMAIL_webmail,0.0355,0.5640292341912932,0.8772930289791782,-0.004965384800000007,0.8190457432523659
EMAIL_webmail,PROD_R,0.0355,0.05521682324394947,0.8772930289791782,-0.004965384800000007,0.9918254504893378
PROD_S,DEVICE_type_desktop,0.0165,0.7902298850574714,5.400696316685835,0.0134448384,4.069597806279153
DEVICE_type_desktop,PROD_S,0.0165,0.11276653909240023,5.400696316685835,0.0134448384,1.103565231735115
PROD_S,DEVICE_info_Windows,0.0111,0.5316091954022989,6.443747823058168,0.009377400000000001,1.9588343554100158
DEVICE_info_Windows,PROD_S,0.0111,0.13454545454545455,6.443747823058168,0.009377400000000001,1.13133613432306
PROD_S,EMAIL_unknown,0.02088,1.0,6.181233774261342,0.017502033599999998,inf
EMAIL_unknown,PROD_S,0.02088,0.12906416120657682,6.181233774261342,0.017502033599999998,1.124215994193133
DEVICE_type_Unknown,PROD_W,0.74328,0.976766190075694,1.314129520605551,0.1776736512,11.04941461307606
PROD_W,DEVICE_type_Unknown,0.74328,1.0,1.314129520605551,0.1776736512,inf
PROD_W,DEVICE_info_Unknown,0.74328,1.0,1.2510008006405124,0.14913169920000002,inf
DEVICE_info_Unknown,PROD_W,0.74328,0.9298438751000802,1.2510008006405124,0.14913169920000002,3.65926709892106
EMAIL_anonymous,PROD_W,0.03116,0.5063373415664608,0.6812201883091982,-0.014581451199999998,0.5200312309677328
PROD_W,EMAIL_corporate,0.10034,0.13499623291357227,1.0095440690515425,0.0009485983999999864,1.0014754072317205
EMAIL_corporate,PROD_W,0.10034,0.7503739156446305,1.0095440690515425,0.0009485983999999864,1.0284181661548226
EMAIL_unknown,PROD_W,0.137,0.8468290270738039,1.1393136194621192,0.016752161599999996,1.676035575984063
PROD_W,EMAIL_unknown,0.137,0.18431815735658164,1.1393136194621192,0.016752161599999996,1.0276310640687771
PROD_W,EMAIL_webmail,0.47476,0.6387364115811,0.9934928320492439,-0.0031095776000000797,0.9884195677287825
EMAIL_webmail,PROD_W,0.47476,0.7384433522055621,0.993492832049244,-0.0031095776000000797,0.9815082203668937
FRAUD,PROD_W,0.01526,0.42554378137200216,0.5725215011462734,-0.011394020800000005,0.44689219409696324
DEVICE_type_Unknown,DEVICE_info_Unknown,0.76092,0.9999474348191759,1.2509350415572158,0.15263901440000005,3816.9680986100334
DEVICE_info_Unknown,DEVICE_type_Unknown,0.76092,0.9519115292233788,1.2509350415572158,0.15263901440000005,4.97083803336763
EMAIL_anonymous,DEVICE_type_Unknown,0.03302,0.536561585960351,0.7051114197334302,-0.013809478399999998,0.515796689930778
DEVICE_type_Unknown,EMAIL_corporate,0.10222,0.13433031959629943,1.0045641609056193,0.00046442879999999964,1.0007050258430494
EMAIL_corporate,DEVICE_type_Unknown,0.10222,0.7644331438827401,1.0045641609056193,0.00046442879999999964,1.0147437709978049
DEVICE_type_Unknown,EMAIL_unknown,0.1386,0.18213835155592936,1.1258397302257965,0.015491891199999996,1.0248921703226586
EMAIL_unknown,DEVICE_type_Unknown,0.1386,0.856719001112622,1.1258397302257963,0.015491891199999996,1.668330076488772
DEVICE_type_Unknown,EMAIL_webmail,0.48708,0.6400862068965517,0.9955923083689288,-0.00215640319999999,0.9921264667902114
EMAIL_webmail,DEVICE_type_Unknown,0.48708,0.75760592297642,0.9955923083689289,-0.00215640319999999,0.9861627100654364
FRAUD,DEVICE_type_Unknown,0.0161,0.448968209704406,0.5900023781859834,-0.011188025600000002,0.4338043723909098
DEVICE_info_MacOS,DEVICE_type_desktop,0.02058,0.9990291262135923,6.827700425188575,0.017565808000000002,879.2903094331588
DEVICE_type_desktop,DEVICE_info_MacOS,0.02058,0.14065062875888465,6.827700425188575,0.017565808000000002,1.139699443163066
DEVICE_info_Trident/7.0,DEVICE_type_desktop,0.013,0.9954058192955589,6.802937529357291,0.0110890608,185.81767595536766
DEVICE_type_desktop,DEVICE_info_Trident/7.0,0.013,0.08884636413340623,6.802937529357291,0.0110890608,1.0831762735084831
DEVICE_type_desktop,DEVICE_info_Unknown,0.02036,0.1391470749043193,0.1740731021120888,-0.09660235519999999,0.2330711717734972
DEVICE_info_Windows,DEVICE_type_desktop,0.0825,1.0,6.83433570256971,0.07042860000000001,inf
DEVICE_type_desktop,DEVICE_info_Windows,0.0825,0.5638326954620011,6.83433570256971,0.07042860000000001,2.1035506106114203
EMAIL_anonymous,DEVICE_type_desktop,0.02278,0.37016574585635365,2.529836972774423,0.013775467200000002,1.3554042103111157
DEVICE_type_desktop,EMAIL_anonymous,0.02278,0.155686167304538,2.529836972774423,0.013775467200000002,1.1115061290572805
DEVICE_type_desktop,EMAIL_corporate,0.0198,0.13531984691088028,1.0119641557798404,0.0002340896000000009,1.0018502180314648
EMAIL_corporate,DEVICE_type_desktop,0.0198,0.14807059527370625,1.0119641557798404,0.0002340896000000009,1.00205485943294
EMAIL_unknown,DEVICE_type_desktop,0.01838,0.11361107677092347,0.7764562381829105,-0.0052916496,0.9630986777156136
DEVICE_type_desktop,EMAIL_unknown,0.01838,0.12561509021323128,0.7764562381829105,-0.0052916496,0.9586395997027761
DEVICE_type_desktop,EMAIL_webmail,0.08536,0.5833788955713505,0.9073895594651752,-0.008712054400000002,0.8570857215790537
EMAIL_webmail,DEVICE_type_desktop,0.08536,0.13276924034094445,0.9073895594651753,-0.008712054400000002,0.9843746781273989
FRAUD,DEVICE_type_desktop,0.01026,0.28611266034578914,1.9553899695584276,0.005012964799999999,1.1958189373324917
DEVICE_type_desktop,FRAUD,0.01026,0.07012028430836523,1.9553899695584278,0.005012964799999999,1.036843780573489
DEVICE_type_mobile,DEVICE_info_Unknown,0.01808,0.19499568593615185,0.24393975922757188,-0.05603665919999999,0.24924090029058205
DEVICE_info_iOS_Device,DEVICE_type_mobile,0.03228,1.0,10.785159620362382,0.029286998400000003,inf
DEVICE_type_mobile,DEVICE_info_iOS_Device,0.03228,0.3481449525452977,10.785159620362382,0.029286998400000003,1.4845631764764253
DEVICE_type_mobile,EMAIL_anonymous,0.00574,0.061906816220880075,1.0059606145739368,3.4011200000000526e-05,1.0003910231170887
EMAIL_anonymous,DEVICE_type_mobile,0.00574,0.09327266818329542,1.0059606145739368,3.4011200000000526e-05,1.0006095196029077
DEVICE_type_mobile,EMAIL_corporate,0.0117,0.12618636755823986,0.9436611393825894,-0.0006985184000000005,0.9913784447149832
EMAIL_corporate,DEVICE_type_mobile,0.0117,0.08749626084355369,0.9436611393825894,-0.0006985184000000005,0.9942753776979556
DEVICE_type_mobile,EMAIL_webmail,0.07048,0.7601380500431407,1.182321361978381,0.010868457599999999,1.4886896396671256
EMAIL_webmail,DEVICE_type_mobile,0.07048,0.10962483668263547,1.1823213619783808,0.010868457599999999,1.0189861951199903
DEVICE_type_mobile,FRAUD,0.0095,0.10245901639344263,2.857195102996169,0.0061750608,1.0742016437159339
FRAUD,DEVICE_type_mobile,0.0095,0.26491912994980477,2.857195102996169,0.0061750608,1.2342587555225322
DEVICE_info_MacOS,EMAIL_webmail,0.01244,0.603883495145631,0.9392824848280206,-0.0008041520000000007,0.901451960556741
DEVICE_info_Trident/7.0,EMAIL_webmail,0.00502,0.38437978560490044,0.5978656529659995,-0.003376535200000001,0.5800329352291638
EMAIL_anonymous,DEVICE_info_Unknown,0.03578,0.5814104647383815,0.7273449568884878,-0.013412614399999995,0.4793239750407703
DEVICE_info_Unknown,EMAIL_corporate,0.10582,0.13238090472377903,0.9899858265314017,-0.0010704192000000057,0.9984565860947996
EMAIL_corporate,DEVICE_info_Unknown,0.10582,0.7913550702961412,0.9899858265314017,-0.0010704192000000057,0.9616337199692127
EMAIL_unknown,DEVICE_info_Unknown,0.14284,0.8829274323154901,1.10454292473415,0.013519539199999986,1.7138088264136213
DEVICE_info_Unknown,EMAIL_unknown,0.14284,0.1786929543634908,1.10454292473415,0.013519539199999986,1.020592730028663
DEVICE_info_Unknown,EMAIL_webmail,0.51488,0.644115292233787,1.0018591616900812,0.00095546879999997,1.0033586498867952
EMAIL_webmail,DEVICE_info_Unknown,0.51488,0.8008461394885833,1.0018591616900812,0.00095546879999997,1.0074622675353657
FRAUD,DEVICE_info_Unknown,0.02096,0.5844952593418851,0.7312040374072822,-0.007705049600000003,0.4828825770649922
DEVICE_info_Windows,EMAIL_anonymous,0.01294,0.15684848484848485,2.5487241606838618,0.00786295,1.1130383839968003
EMAIL_anonymous,DEVICE_info_Windows,0.01294,0.2102697432564186,2.5487241606838618,0.00786295,1.1617890945030935
DEVICE_info_Windows,EMAIL_corporate,0.01046,0.12678787878787878,0.9481594285662487,-0.0005719000000000002,0.9920613546892766
EMAIL_corporate,DEVICE_info_Windows,0.01046,0.07822315285671552,0.9481594285662487,-0.0005719000000000002,0.9953602140734223
EMAIL_unknown,DEVICE_info_Windows,0.01222,0.0755346767214736,0.9155718390481647,-0.0011268500000000004,0.9924655655519116
DEVICE_info_Windows,EMAIL_unknown,0.01222,0.14812121212121213,0.9155718390481649,-0.0011268500000000004,0.9839662776306527
DEVICE_info_Windows,EMAIL_webmail,0.04688,0.5682424242424242,0.8838462394114729,-0.006160900000000011,0.8270381806057532
EMAIL_webmail,DEVICE_info_Windows,0.04688,0.07291731475144651,0.8838462394114729,-0.006160900000000011,0.9896636130735731
DEVICE_info_Windows,FRAUD,0.00544,0.06593939393939394,1.838800723351755,0.00248155,1.0322028288539362
FRAUD,DEVICE_info_Windows,0.00544,0.15170105967651978,1.838800723351755,0.00248155,1.0815762654872276
DEVICE_info_iOS_Device,EMAIL_corporate,0.00608,0.18835192069392812,1.4085545968735276,0.0017635183999999996,1.0673098624639208
DEVICE_info_iOS_Device,EMAIL_webmail,0.0225,0.6970260223048326,1.0841566949306796,0.0017465423999999952,1.1785830670956572
FRAUD,EMAIL_webmail,0.02582,0.7200223089793641,1.1199251990595471,0.002764888799999997,1.2753873302217587
